{
  "total_frames": 65,
  "valid_distance_measurements": 65,
  "avg_distance_overall": 2.886073631677615,
  "std_distance_overall": 1.468283701621722,
  "min_distance": 1.0348728433684427,
  "max_distance": 7.443099313937879,
  "state_statistics": {
    "rally_end": {
      "count": 6,
      "avg_distance": 4.176253532891706,
      "std_distance": 1.0558559529002816,
      "min_distance": 3.1189923033074023,
      "max_distance": 6.132179451331144
    },
    "rally_start": {
      "count": 10,
      "avg_distance": 3.3278685619592885,
      "std_distance": 0.615148235672999,
      "min_distance": 2.1919058064062154,
      "max_distance": 4.678945917382938
    },
    "rally_active": {
      "count": 49,
      "avg_distance": 2.637930188614325,
      "std_distance": 1.5299809699584612,
      "min_distance": 1.0348728433684427,
      "max_distance": 7.443099313937879
    }
  }
}